,precision,recall,f1-score,support
0.0,0.9614924224611504,0.985377554820478,0.973288471525013,91298.0
1.0,0.9234342739160358,0.8171437271619976,0.8670436187399031,19704.0
accuracy,0.9555143150573864,0.9555143150573864,0.9555143150573864,0.9555143150573864
macro avg,0.9424633481885931,0.9012606409912378,0.920166045132458,111002.0
weighted avg,0.9547367085196635,0.9555143150573864,0.9544289142262454,111002.0
