,precision,recall,f1-score,support
0.0,0.9538309897553661,0.9963416504195054,0.9746229877052472,91298.0
1.0,0.9786376718899904,0.7765428339423467,0.8659554599734005,19704.0
accuracy,0.9573250932415632,0.9573250932415632,0.9573250932415632,0.9573250932415632
macro avg,0.9662343308226782,0.886442242180926,0.9202892238393239,111002.0
weighted avg,0.9582344317183995,0.9573250932415632,0.9553333806132283,111002.0
