,precision,recall,f1-score,support
0,1.0,0.6666666666666666,0.8,42.0
1,0.75,1.0,0.8571428571428571,42.0
accuracy,0.8333333333333334,0.8333333333333334,0.8333333333333334,0.8333333333333334
macro avg,0.875,0.8333333333333333,0.8285714285714285,84.0
weighted avg,0.875,0.8333333333333334,0.8285714285714285,84.0
