fpr,tpr,threshold
0.0,0.0,2
0.24193548387096775,0.3225806451612903,1
1.0,1.0,0
