fpr,tpr,threshold
0.0,0.0,2
0.20967741935483872,0.5483870967741935,1
1.0,1.0,0
