fpr,tpr,threshold
0.0,0.0,2
0.8392857142857143,0.9107142857142857,1
1.0,1.0,0
