fpr,tpr,threshold
0.0,0.0,1.2610334
0.9977118583199089,0.9496791624451199,0.26103345
1.0,1.0,0.26103342
