fpr,tpr,threshold
0.0,0.0,2
0.1935483870967742,0.5806451612903226,1
1.0,1.0,0
