fpr,tpr,threshold
0.0,0.0,2
0.2903225806451613,0.8709677419354839,1
1.0,1.0,0
