fpr,tpr,threshold
0.0,0.0,2
0.25806451612903225,0.8709677419354839,1
1.0,1.0,0
