fpr,tpr,threshold
0.0,0.0,2
0.09523809523809523,0.7619047619047619,1
1.0,1.0,0
