fpr,tpr,threshold
0.0,0.0,2
0.16666666666666666,0.7857142857142857,1
1.0,1.0,0
