fpr,tpr,threshold
0.0,0.0,2
0.14285714285714285,0.7619047619047619,1
1.0,1.0,0
