fpr,tpr,threshold
0.0,0.0,2
0.1935483870967742,0.8064516129032258,1
1.0,1.0,0
