fpr,tpr,threshold
0.0,0.0,2
0.047619047619047616,0.6904761904761905,1
1.0,1.0,0
