,precision,recall,f1-score,support
0,1.0,0.19047619047619047,0.32,42.0
1,0.5526315789473685,1.0,0.711864406779661,42.0
accuracy,0.5952380952380952,0.5952380952380952,0.5952380952380952,0.5952380952380952
macro avg,0.7763157894736843,0.5952380952380952,0.5159322033898305,84.0
weighted avg,0.7763157894736843,0.5952380952380952,0.5159322033898305,84.0
