,precision,recall,f1-score,support
0.0,0.9208756340451522,0.9279045331732213,0.9243767219819288,266480.0
1.0,0.009231086586560775,0.008354725787631271,0.00877107016856135,21425.0
accuracy,0.8594744794289783,0.8594744794289783,0.8594744794289783,0.8594744794289783
macro avg,0.4650533603158565,0.4681296294804263,0.4665738960752451,287905.0
weighted avg,0.8530338653044206,0.8594744794289783,0.8562401801014425,287905.0
