,precision,recall,f1-score,support
0.0,0.9852861090381008,0.9932259332556185,0.9892400897784228,295096.0
1.0,0.8950490890953956,0.795705950991832,0.8424589839889306,21425.0
accuracy,0.9798559969164763,0.9798559969164763,0.9798559969164763,0.9798559969164763
macro avg,0.9401675990667482,0.8944659421237252,0.9158495368836768,316521.0
weighted avg,0.9791780525354596,0.9798559969164763,0.9793046188569362,316521.0
