,precision,recall,f1-score,support
0,0.0,0.0,0.0,56.0
1,0.5,1.0,0.6666666666666666,56.0
accuracy,0.5,0.5,0.5,0.5
macro avg,0.25,0.5,0.3333333333333333,112.0
weighted avg,0.25,0.5,0.3333333333333333,112.0
