fpr,tpr,threshold
0.0,0.0,2
0.11904761904761904,0.7857142857142857,1
1.0,1.0,0
