fpr,tpr,threshold
0.0,0.0,2
0.24193548387096775,0.2903225806451613,1
1.0,1.0,0
