fpr,tpr,threshold
0.0,0.0,2
0.19047619047619047,0.8095238095238095,1
1.0,1.0,0
