,precision,recall,f1-score,support
0.0,0.9183937300529229,1.0,0.9574611464431622,90932.0
1.0,1.0,0.36477987421383645,0.5345622119815668,12720.0
accuracy,0.9220468490718944,0.9220468490718944,0.9220468490718944,0.9220468490718944
macro avg,0.9591968650264615,0.6823899371069182,0.7460116792123646,103652.0
weighted avg,0.9284083149497587,0.9220468490718944,0.9055636968391845,103652.0
