,precision,recall,f1-score,support
0,1.0,0.9523809523809523,0.975609756097561,42.0
1,0.9545454545454546,1.0,0.9767441860465117,42.0
accuracy,0.9761904761904762,0.9761904761904762,0.9761904761904762,0.9761904761904762
macro avg,0.9772727272727273,0.9761904761904762,0.9761769710720363,84.0
weighted avg,0.9772727272727273,0.9761904761904762,0.9761769710720364,84.0
