fpr,tpr,threshold
0.0,0.0,1.240059
1.0,1.0,0.24005899
