fpr,tpr,threshold
0.0,0.0,1.2365282
1.0,1.0,0.23652817
