fpr,tpr,threshold
0.0,0.0,2
0.0967741935483871,0.45161290322580644,1
1.0,1.0,0
