,precision,recall,f1-score,support
0.0,0.8974849779479236,1.0,0.9459732102000916,90961.0
1.0,1.0,0.4208795496349144,0.5924211517338772,17941.0
accuracy,0.9045931204201944,0.9045931204201944,0.9045931204201944,0.9045931204201944
macro avg,0.9487424889739617,0.7104397748174572,0.7691971809669844,108902.0
weighted avg,0.9143737587842379,0.9045931204201944,0.8877274710865551,108902.0
