,precision,recall,f1-score,support
0.0,0.9766985799911501,0.9873295469948763,0.9819852916394227,295096.0
1.0,0.7947070773623236,0.6755659276546091,0.7303092991573742,21425.0
accuracy,0.9662265694851211,0.9662265694851211,0.9662265694851211,0.9662265694851211
macro avg,0.8857028286767368,0.8314477373247426,0.8561472953983984,316521.0
weighted avg,0.9643797514021383,0.9662265694851211,0.9649495874083356,316521.0
