,precision,recall,f1-score,support
0,1.0,0.07142857142857142,0.13333333333333333,56.0
1,0.5185185185185185,1.0,0.6829268292682926,56.0
accuracy,0.5357142857142857,0.5357142857142857,0.5357142857142857,0.5357142857142857
macro avg,0.7592592592592593,0.5357142857142857,0.40813008130081296,112.0
weighted avg,0.7592592592592593,0.5357142857142857,0.408130081300813,112.0
