,precision,recall,f1-score,support
0.0,1.0,0.6430526290295236,0.7827535377358491,41289.0
1.0,0.0,0.0,0.0,0.0
accuracy,0.6430526290295236,0.6430526290295236,0.6430526290295236,0.6430526290295236
macro avg,0.5,0.3215263145147618,0.39137676886792455,41289.0
weighted avg,1.0,0.6430526290295236,0.7827535377358491,41289.0
