,precision,recall,f1-score,support
0.0,0.902326953882472,0.9127845270359911,0.9075256153574371,211052.0
1.0,0.0,0.0,0.0,20853.0
accuracy,0.8307065393156681,0.8307065393156681,0.8307065393156681,0.8307065393156681
macro avg,0.451163476941236,0.45639226351799556,0.45376280767871857,231905.0
weighted avg,0.8211893157577607,0.8307065393156681,0.8259205112973753,231905.0
