,precision,recall,f1-score,support
0,0.8888888888888888,0.14285714285714285,0.24615384615384617,56.0
1,0.5339805825242718,0.9821428571428571,0.6918238993710691,56.0
accuracy,0.5625,0.5625,0.5625,0.5625
macro avg,0.7114347357065803,0.5625,0.46898887276245765,112.0
weighted avg,0.7114347357065803,0.5625,0.46898887276245765,112.0
