fpr,tpr,threshold
0.0,0.0,2
0.22580645161290322,0.3548387096774194,1
1.0,1.0,0
