fpr,tpr,threshold
0.0,0.0,2
0.023809523809523808,0.5952380952380952,1
1.0,1.0,0
