,precision,recall,f1-score,support
0.0,0.9762416630835842,0.9682349207608545,0.9722218073003022,100834.0
1.0,0.8334286754381403,0.8708835996087382,0.8517445722941193,18402.0
accuracy,0.9532104398000604,0.9532104398000604,0.9532104398000604,0.9532104398000604
macro avg,0.9048351692608623,0.9195592601847964,0.9119831897972107,119236.0
weighted avg,0.9542009656545237,0.9532104398000604,0.953628244294299,119236.0
