fpr,tpr,threshold
0.0,0.0,2
0.5714285714285714,0.9821428571428571,1
1.0,1.0,0
