,precision,recall,f1-score,support
0,0.813953488372093,0.8333333333333334,0.8235294117647058,42.0
1,0.8292682926829268,0.8095238095238095,0.8192771084337348,42.0
accuracy,0.8214285714285714,0.8214285714285714,0.8214285714285714,0.8214285714285714
macro avg,0.8216108905275099,0.8214285714285714,0.8214032600992203,84.0
weighted avg,0.8216108905275099,0.8214285714285714,0.8214032600992203,84.0
