fpr,tpr,threshold
0.0,0.0,2
0.16129032258064516,0.25806451612903225,1
1.0,1.0,0
