fpr,tpr,threshold
0.0,0.0,2
0.20967741935483872,0.2903225806451613,1
1.0,1.0,0
