fpr,tpr,threshold
0.0,0.0,2
0.9821428571428571,0.9821428571428571,1
1.0,1.0,0
