fpr,tpr,threshold
0.0,0.0,2
0.9464285714285714,0.9107142857142857,1
1.0,1.0,0
