fpr,tpr,threshold
0.0,0.0,2
0.23214285714285715,0.7321428571428571,1
1.0,1.0,0
