fpr,tpr,threshold
0.0,0.0,2
0.38095238095238093,0.6190476190476191,1
1.0,1.0,0
