,precision,recall,f1-score,support
0,0.8461538461538461,0.7096774193548387,0.7719298245614036,31.0
1,0.75,0.8709677419354839,0.8059701492537312,31.0
accuracy,0.7903225806451613,0.7903225806451613,0.7903225806451613,0.7903225806451613
macro avg,0.7980769230769231,0.7903225806451613,0.7889499869075673,62.0
weighted avg,0.798076923076923,0.7903225806451613,0.7889499869075673,62.0
