,precision,recall,f1-score,support
0.0,0.9516652702136573,0.9989446026318972,0.974731952735718,90961.0
1.0,0.9933665008291874,0.7569901532304776,0.8592176433673011,18991.0
accuracy,0.9571540308498254,0.9571540308498254,0.9571540308498254,0.9571540308498254
macro avg,0.9725158855214224,0.8779673779311874,0.9169747980515095,109952.0
weighted avg,0.9588679411120451,0.9571540308498254,0.9547802260803083,109952.0
