,precision,recall,f1-score,support
0,0.9501647575710027,0.9985708160640274,0.973766590192757,90961.0
1,0.9909451835341645,0.7491443315254595,0.8532445723881492,18991.0
accuracy,0.9554896682188592,0.9554896682188592,0.9554896682188592,0.9554896682188592
macro avg,0.9705549705525836,0.8738575737947434,0.9135055812904531,109952.0
weighted avg,0.957208386331429,0.9554896682188592,0.952949928011739,109952.0
