,precision,recall,f1-score,support
0,0.8518518518518519,0.7419354838709677,0.7931034482758621,31.0
1,0.7714285714285715,0.8709677419354839,0.8181818181818182,31.0
accuracy,0.8064516129032258,0.8064516129032258,0.8064516129032258,0.8064516129032258
macro avg,0.8116402116402117,0.8064516129032258,0.8056426332288402,62.0
weighted avg,0.8116402116402116,0.8064516129032258,0.8056426332288401,62.0
