,precision,recall,f1-score,support
0,0.7916666666666666,0.9047619047619048,0.8444444444444444,42.0
1,0.8888888888888888,0.7619047619047619,0.8205128205128205,42.0
accuracy,0.8333333333333334,0.8333333333333334,0.8333333333333334,0.8333333333333334
macro avg,0.8402777777777777,0.8333333333333333,0.8324786324786324,84.0
weighted avg,0.8402777777777777,0.8333333333333334,0.8324786324786324,84.0
