,precision,recall,f1-score,support
0.0,0.948277662885672,0.9981200734380669,0.9725606980069951,90961.0
1.0,0.9879662209711471,0.7392449054815439,0.8456974187524472,18991.0
accuracy,0.9534069412107101,0.9534069412107101,0.9534069412107101,0.9534069412107101
macro avg,0.9681219419284095,0.8686824894598053,0.9091290583797211,109952.0
weighted avg,0.9551327033269668,0.9534069412107101,0.9506487679254766,109952.0
