,precision,recall,f1-score,support
0,1.0,0.8095238095238095,0.8947368421052632,42.0
1,0.84,1.0,0.9130434782608696,42.0
accuracy,0.9047619047619048,0.9047619047619048,0.9047619047619048,0.9047619047619048
macro avg,0.9199999999999999,0.9047619047619048,0.9038901601830664,84.0
weighted avg,0.92,0.9047619047619048,0.9038901601830663,84.0
