,precision,recall,f1-score,support
0.0,0.9641384388807069,0.9812951026788582,0.9726411189761114,93398.0
1.0,0.9031703802239219,0.8269894437677628,0.8634027446616861,19704.0
accuracy,0.9544128308960054,0.9544128308960054,0.9544128308960054,0.9544128308960054
macro avg,0.9336544095523145,0.9041422732233105,0.9180219318188987,113102.0
weighted avg,0.953516923542576,0.9544128308960054,0.9536102183068799,113102.0
