,precision,recall,f1-score,support
0.0,0.9662801829592597,0.9726118332298336,0.9694356697686332,93398.0
1.0,0.8660171799706683,0.8391189606171335,0.8523559129807196,19704.0
accuracy,0.9493554490636771,0.9493554490636771,0.9493554490636771,0.9493554490636771
macro avg,0.916148681464964,0.9058653969234836,0.9108957913746764,113102.0
weighted avg,0.9488129214529449,0.9493554490636771,0.9490386871533917,113102.0
