,precision,recall,f1-score,support
0,0.8064516129032258,0.8064516129032258,0.8064516129032258,31.0
1,0.8064516129032258,0.8064516129032258,0.8064516129032258,31.0
accuracy,0.8064516129032258,0.8064516129032258,0.8064516129032258,0.8064516129032258
macro avg,0.8064516129032258,0.8064516129032258,0.8064516129032258,62.0
weighted avg,0.8064516129032258,0.8064516129032258,0.8064516129032258,62.0
