,precision,recall,f1-score,support
0.0,0.4298190892077355,0.793778801843318,0.5576689599352488,2604.0
1.0,0.9463750748951468,0.7755953842376626,0.8525165294832007,12219.0
accuracy,0.778789718680429,0.778789718680429,0.778789718680429,0.778789718680429
macro avg,0.6880970820514412,0.7846870930404903,0.7050927447092248,14823.0
weighted avg,0.8556301658531164,0.778789718680429,0.8007197898823867,14823.0
