,precision,recall,f1-score,support
0.0,0.4963185164985001,0.6989247311827957,0.5804496890448094,2604.0
1.0,0.9297239153818573,0.8488419674277764,0.8874438502673796,12219.0
accuracy,0.8225055656749646,0.8225055656749646,0.8225055656749646,0.8225055656749646
macro avg,0.7130212159401788,0.7738833493052861,0.7339467696560945,14823.0
weighted avg,0.8535863144446474,0.8225055656749646,0.8335132831876,14823.0
