,precision,recall,f1-score,support
0,0.8070175438596491,0.7419354838709677,0.7731092436974789,62.0
1,0.5555555555555556,0.6451612903225806,0.5970149253731343,31.0
accuracy,0.7096774193548387,0.7096774193548387,0.7096774193548387,0.7096774193548387
macro avg,0.6812865497076024,0.6935483870967742,0.6850620845353066,93.0
weighted avg,0.7231968810916178,0.7096774193548387,0.7144111375893639,93.0
