,precision,recall,f1-score,support
0.0,0.4359203757548647,0.7484639016897081,0.5509540636042403,2604.0
1.0,0.936727202472952,0.7936001309436124,0.8592441628638517,12219.0
accuracy,0.7856709168184578,0.7856709168184578,0.7856709168184578,0.7856709168184578
macro avg,0.6863237891139083,0.7710320163166602,0.7050991132340461,14823.0
weighted avg,0.8487489945006186,0.7856709168184578,0.8050859345381398,14823.0
