,precision,recall,f1-score,support
0.0,0.9853680894391488,0.9889828978705316,0.9871721845066492,171733.0
1.0,0.8367417378548624,0.7936001309436124,0.8146001344086021,12219.0
accuracy,0.9760046098982343,0.9760046098982343,0.9760046098982343,0.9760046098982343
macro avg,0.9110549136470056,0.891291514407072,0.9008861594576256,183952.0
weighted avg,0.9754955934075298,0.9760046098982343,0.9757090969612676,183952.0
