,precision,recall,f1-score,support
0,0.0,0.0,0.0,0.0
1,1.0,0.967741935483871,0.9836065573770492,31.0
accuracy,0.967741935483871,0.967741935483871,0.967741935483871,0.967741935483871
macro avg,0.5,0.4838709677419355,0.4918032786885246,31.0
weighted avg,1.0,0.967741935483871,0.9836065573770492,31.0
