,precision,recall,f1-score,support
0.0,0.4239982578397213,0.7476958525345622,0.5411339633129516,2604.0
1.0,0.9357834033818786,0.7835338407398315,0.8529175946547884,12219.0
accuracy,0.7772380759630304,0.7772380759630304,0.7772380759630304,0.7772380759630304
macro avg,0.6798908306107999,0.7656148466371968,0.6970257789838701,14823.0
weighted avg,0.8458766018577756,0.7772380759630304,0.7981456472747612,14823.0
