fpr,tpr,threshold
0.0,0.0,2
0.1774193548387097,0.5161290322580645,1
1.0,1.0,0
