fpr,tpr,threshold
0.0,0.0,2
0.1774193548387097,0.6451612903225806,1
1.0,1.0,0
