fpr,tpr,threshold
0.0,0.0,2
0.25806451612903225,0.6451612903225806,1
1.0,1.0,0
