fpr,tpr,threshold
0.0,0.0,2
0.12903225806451613,0.41935483870967744,1
1.0,1.0,0
