fpr,tpr,threshold
0.0,0.0,2
0.16129032258064516,0.5161290322580645,1
1.0,1.0,0
