fpr,tpr,threshold
0.0,0.0,1.238056
1.0,1.0,0.2380559
