fpr,tpr,threshold
0.0,0.0,2
0.16666666666666666,0.8095238095238095,1
1.0,1.0,0
