,precision,recall,f1-score,support
0,0.9542383526187577,1.0,0.9765833848670916,100279.0
1,0.0,0.0,0.0,4809.0
accuracy,0.9542383526187577,0.9542383526187577,0.9542383526187577,0.9542383526187577
macro avg,0.47711917630937883,0.5,0.4882916924335458,105088.0
weighted avg,0.9105708336085604,0.9542383526187577,0.9318933203704236,105088.0
