,precision,recall,f1-score,support
0,0.9909365966988141,0.9440248092339762,0.9669120312098427,155426.0
1,0.5335620844949603,0.8811758455817248,0.6646630601749817,11294.0
accuracy,0.9397672744721689,0.9397672744721689,0.9397672744721689,0.9397672744721689
macro avg,0.7622493405968872,0.9126003274078505,0.8157875456924122,166720.0
weighted avg,0.9599529850095728,0.9397672744721689,0.946436983951759,166720.0
