fpr,tpr,threshold
0.0,0.0,2
0.1935483870967742,0.22580645161290322,1
1.0,1.0,0
